"0","coop_electr_factur_csv <- read_csv(""~/Documents/Estadística/1º cuatrimestre 2023/Trabajo de Articulación/Trabajo de Articulación/coop_electr_factur_csv(2).csv"")"
"2","New names:"
"2","[1mRows: [22m[34m649[39m [1mColumns: [22m[34m14[39m"
"2","[36m──[39m [1mColumn specification[22m [36m────────────────────────────────────────────────[39m
[1mDelimiter:[22m "",""
[31mchr[39m  (2): ...2, ...3
[32mdbl[39m (12): ...1, ...4, ...5, ...6, ...7, ...8, ...9, ...10, ...11, ....."
"2","
[36mℹ[39m Use `spec()` to retrieve the full column specification for this data.
[36mℹ[39m Specify the column types or set `show_col_types = FALSE` to quiet this message."
"0","coop_electr_usu_csv <- read_csv(""~/Documents/Estadística/1º cuatrimestre 2023/Trabajo de Articulación/Trabajo de Articulación/coop_electr_usu_csv(2).csv"")"
"2","New names:"
"2","[1mRows: [22m[34m664[39m [1mColumns: [22m[34m14[39m"
"2","[36m──[39m [1mColumn specification[22m [36m────────────────────────────────────────────────[39m
[1mDelimiter:[22m "",""
[31mchr[39m  (2): ...2, ...3
[32mdbl[39m (12): ...1, ...4, ...5, ...6, ...7, ...8, ...9, ...10, ...11, ....."
"2","
[36mℹ[39m Use `spec()` to retrieve the full column specification for this data.
[36mℹ[39m Specify the column types or set `show_col_types = FALSE` to quiet this message."
