"","...1","...2","...3","...4","...5","...6","...7","...8","...9","...10","...11","...12","...13"
"1","Azul","Coop de Azul",29180,25648,2798,144,1,1,0,0,0,588,0
"2","Balcarce","Coop de Balcarce",19671,15504,2531,45,1,1,0,0,207,725,657
"3","Benito Juárez","Coop de B. Juarez",7139,5747,940,12,1,1,0,0,115,323,0
"4","Benito Juárez","Coop de Barker",1538,1298,175,0,1,1,0,0,31,31,1
"5","Castelli","Coop de Castelli",3544,2788,466,27,0,1,0,0,0,257,5
"6","Chascomús","Coop de Lezama",2886,2211,336,1,1,1,0,0,48,288,0
"7","Coronel Brandsen","Coop de Altamirano (Brandsen)",216,138,8,66,0,1,0,0,0,3,0
"8","Coronel Brandsen","Coop de Jeppener",1057,886,90,5,0,1,0,0,0,75,0
"9","Coronel Brandsen","Coop de Brandsen, Electri. Rural Ltda.",2336,1793,64,72,0,1,0,0,14,392,0
"10","General Alvarado","Coop de Mar del Sud",1064,1000,50,0,0,1,0,0,0,12,1
"11","General Alvarado","Coop de N. Otamendi - DIONISIA",3129,2173,298,73,1,1,0,62,28,356,137
"12","General Alvarado","Coop de Mechongue",716,473,124,0,0,1,0,4,0,101,13
"13","General Alvear","Coop de 25 de Mayo Sur",5,0,0,0,0,0,0,0,0,5,0
"14","General Belgrano","Coop de Monte",362,145,23,17,0,1,0,0,0,176,0
"15","General Juan Madariaga","Coop de General Madariaga",8203,6644,1075,49,1,1,0,0,75,358,0
"16","General Paz","Coop de Ranchos",6066,4738,506,89,1,1,0,0,0,695,36
"17","General Pueyrredón","Coop de Camet",2868,2531,99,39,1,1,0,0,0,108,89
"18","General Pueyrredón","Coop de Colonia Laguna de los Padres",944,520,42,21,0,1,0,240,0,120,0
"19","General Pueyrredón","Coop de Mar del Plata",4766,4098,647,0,0,1,0,0,20,0,0
"20","Las Flores","Coop de Las Flores",10991,8588,1742,41,1,1,0,0,150,463,5
"21","Las Flores","Coop de Monte",1,0,0,0,0,0,0,0,0,1,0
"22","Lobería","Coop de San Manuel",1230,546,65,85,3,1,0,0,22,508,0
"23","Maipú","Coop de Maipú",4750,3806,637,9,0,3,0,0,0,290,5
"24","Mar Chiquita","Coop de Mar Chiquita (Arbolito) (estimado)",5395,4500,490,14,1,1,0,0,54,180,155
"25","Mar Chiquita","Coop de General Pirán",1365,1057,235,3,0,1,0,0,0,69,0
"26","Monte","Coop de Monte",2293,908,142,0,1,0,0,0,1242,0,0
"27","Municipio de la Costa","Coop de Mar de Ajo (estimada)",22401,20300,2034,0,1,1,0,0,0,65,0
"28","Municipio de la Costa","Coop de San Bernardo",21720,20047,1642,0,1,1,0,0,29,0,0
"29","Necochea","Coop de Necochea ""Sebastian de Maria""",58908,52407,5671,205,1,1,0,0,330,293,0
"30","Necochea","Coop de Juan Fernandez",1855,1324,241,12,0,1,0,4,4,269,0
"31","Necochea","Coop de La Dulce",1138,821,180,21,1,1,0,0,18,96,0
"32","Olavarría","Coop de Olavarría",49496,43364,4333,248,45,176,0,0,0,787,543
"33","Pinamar","Coop de Pinamar (de Agua y Luz)",31626,28343,3194,0,1,1,0,0,87,0,0
"34","Punta Indio","Coop de Pipinas",832,475,69,8,0,1,0,0,0,279,0
"35","Punta Indio","Coop de Punta Indio",1134,983,54,2,0,1,0,0,0,94,0
"36","Rauch","Coop de Egaña",535,0,0,0,0,0,0,0,0,535,0
"37","San Cayetano","Coop de San Cayetano",4611,3567,751,18,0,1,0,0,0,274,0
"38","Tandil","Coop de Tandil( Rural) Ltda",2636,1209,215,153,1,1,0,7,94,956,0
"39","Tandil","Coop de Tandil (Usina Pop. y Municipal)",57214,50879,5046,929,1,1,0,0,330,27,1
"40","Tres Arroyos","Coop de Copetonas (rep)",532,437,63,3,1,1,0,0,6,21,0
"41","Tres Arroyos","Coop de San Fco de Belloq",396,246,62,1,0,2,0,0,0,84,1
"42","Tres Arroyos","Coop de Tres Arroyos",26392,22636,3235,158,0,1,0,0,0,362,0
"43","Tres Arroyos","Coop de Claromecó",4113,3819,267,4,1,1,0,0,0,21,0
"44","Tres Arroyos","Coop de Orense",1543,1313,144,0,0,1,0,0,0,84,1
"45","Villa Gesell","Coop de Villa Gesell",31953,28843,3109,0,0,1,0,0,0,0,0
"46","General Las Heras","Coop de Gral Las Heras",427,131,0,40,0,0,0,0,0,256,0
"47","General Rodriguez","Coop de Lujan",13,4,0,2,0,0,0,0,1,6,0
"48","Pilar","Coop de Luján",5,4,0,0,0,0,0,0,0,1,0
"49","25 de Mayo","Coop de Pedernales",1115,820,152,0,0,0,0,0,0,143,0
"50","25 de Mayo","Coop de 25 de Mayo Sur",998,499,88,0,0,3,0,0,21,387,0
"51","25 de Mayo","Coop de Bolivar",385,342,30,10,0,1,0,0,2,0,0
"52","25 de Mayo","Coop de Gdor. Ugarte",336,257,31,6,1,1,0,0,0,32,8
"53","25 de Mayo","Coop de Norberto de la Riestra",2816,2036,331,15,2,2,0,0,0,430,0
"54","9 de Julio","Coop de La Niña",338,216,25,3,0,1,0,0,7,86,0
"55","9 de Julio","Coop de Facundo Quiroga",1081,805,131,0,0,7,0,0,8,130,0
"56","9 de Julio","Coop de French",661,438,115,0,0,1,0,0,0,107,0
"57","9 de Julio","Coop de Dudignac",1513,1223,160,18,1,1,0,0,32,71,7
"58","9 de Julio","Coop de 9 de julio, Mariano Moreno",19168,16061,2407,21,1,1,0,0,172,505,0
"59","Adolfo Alsina","Coop de Adolfo Alsina",354,0,22,1,0,0,0,0,0,331,0
"60","Adolfo Alsina","Coop de Rivera",1853,1429,341,18,0,1,0,0,0,64,0
"61","Alberti","Coop de Coronel Mom",471,360,58,4,0,1,0,0,10,38,0
"62","Alberti","Coop de Coronel Seguí",164,70,12,4,0,0,0,0,0,78,0
"63","Alberti","Coop de Pla",182,95,16,3,0,0,0,0,0,68,0
"64","Arrecifes","Coop de Todd",407,327,30,8,0,1,0,0,3,38,0
"65","Arrecifes","Coop de Viña",321,251,25,3,1,2,0,0,5,34,0
"66","Baradero","Coop de Villa Lia Ltda.",11,0,0,3,0,0,0,0,0,8,0
"67","Bolívar","Coop de 25 de Mayo Sur",4,0,0,0,0,0,0,0,0,4,0
"68","Bolívar","Coop de Bolivar",14816,12220,1505,175,0,4,0,0,110,802,0
"69","Bolívar","Cop de Urdampilleta",1629,1330,170,0,0,1,0,0,21,96,11
"70","Bolívar","Coop de Pirovano",849,652,95,0,1,1,0,0,20,77,3
"71","Bragado","Coop de Olascoaga",121,83,13,2,0,1,0,0,22,0,0
"72","Bragado","Coop de Bragado",2780,1717,182,78,2,5,0,0,58,738,0
"73","Campana","Coop de Provision  p/ P. Forestales",370,0,7,0,0,0,0,0,0,363,0
"74","Cañuelas","Coop de Monte",10,0,0,2,0,0,0,0,0,8,0
"75","Cañuelas","Coop de Antonio Carboni",968,739,115,11,0,1,0,0,0,102,0
"76","Capitán Sarmiento","Coop de La Luisa",198,107,26,5,0,1,0,0,0,59,0
"77","Carlos Casares","Coop de Z. Norte Casares Ltda.",779,527,105,2,0,1,0,0,0,136,8
"78","Carlos Tejedor","Coop de Colonia Sere",442,296,79,1,0,1,0,0,0,64,1
"79","Carlos Tejedor","Coop de Timote",373,251,42,2,0,1,0,0,0,77,0
"80","Carlos Tejedor","Coop de Curarú",326,181,34,8,0,1,0,0,0,102,0
"81","Carlos Tejedor","Coop de Carlos Tejedor",2878,2230,364,2,0,1,0,0,90,189,2
"82","Carlos Tejedor","Coop de Tres Algarrobos",1746,1331,236,15,0,17,0,0,0,146,1
"83","Carmen de Areco","Coop de Carmen de Areco",6637,5259,824,70,1,1,0,0,83,330,69
"84","Chacabuco","Coop de Coronel Mom",60,20,6,8,0,1,0,0,1,24,0
"85","Chacabuco","Coop de Chacabuco",22458,18260,2700,280,1,1,0,0,305,850,61
"86","Chacabuco","Coop de Salto",27,24,2,0,0,0,0,0,1,0,0
"87","Chivilcoy","Coop de Gorostiaga",297,185,26,0,0,1,0,0,0,85,0
"88","Chivilcoy","Coop de Coronel Mom",89,6,5,3,0,1,0,0,7,67,0
"89","Chivilcoy","Coop de San Sebastian Ltda",598,347,21,37,0,1,0,0,0,192,0
"90","Chivilcoy","Coop de Moquehua",1201,980,167,4,0,1,0,0,0,49,0
"91","Colón","Coop de Colón",10715,9309,1146,73,1,1,0,0,54,131,0
"92","Colón","Coop de Pearson",144,103,16,1,0,1,0,0,0,23,0
"93","Daireaux","Coop de Daireaux",802,336,48,0,0,4,0,0,0,414,0
"94","Daireaux","Coop de Huanguelen",13,0,1,0,0,0,0,0,0,12,0
"95","Daireaux","Municipio de Salazar",962,750,212,0,0,0,0,0,0,0,0
"96","Escobar","Coop de Escobar Norte",2550,2191,314,44,0,1,0,0,0,0,0
"97","Exaltación de la Cruz","Coop de Villa Lia Ltda.",4,0,0,2,0,0,0,0,0,2,0
"98","Exaltación de la Cruz","Coop de Lujan",35,29,1,5,0,0,0,0,0,0,0
"99","Exaltación de la Cruz","Coop de Parada Robles",6367,5696,343,0,0,2,0,0,19,307,0
"100","Florentino Ameghino","Coop de Ameghino",3711,3176,215,12,1,1,0,0,77,227,2
"101","Florentino Ameghino","Coop de Pasteur",103,70,7,0,2,2,0,0,9,13,0
"102","General Arenales","Coop de La Angelita",260,134,35,0,0,1,0,0,8,82,0
"103","General Arenales","Coop El Chingolo (Santa Fe)",93,6,10,0,0,1,0,0,0,76,0
"104","General Arenales","Coop de Ferré",1355,1071,222,9,1,1,0,0,23,23,5
"105","General Pinto","Coop de Iriarte",410,328,50,2,0,1,0,0,0,29,0
"106","General Pinto","Coop de Coronel Granada",778,532,76,7,0,1,0,0,17,145,0
"107","General Pinto","Coop de El Dorado",21,0,0,2,0,0,0,0,0,19,0
"108","General Pinto","Coop de Germania",804,587,92,1,1,1,0,0,12,110,0
"109","General Viamonte","Coop de San Emilio",175,113,6,2,0,1,0,0,5,47,1
"110","General Viamonte","Coop de Zavalia",255,155,20,5,0,1,0,0,5,69,0
"111","General Viamonte","Coop de General Viamonte",7175,5963,566,45,1,1,0,0,93,275,231
"112","General Viamonte","Coop de Baigorrita",1072,838,74,0,1,1,0,0,0,157,1
"113","General Villegas","Coop de Piedritas",1195,845,189,35,1,1,0,0,18,99,7
"114","General Villegas","Coop de Emilio Bunge",1127,813,148,17,1,1,0,0,13,132,2
"115","General Villegas","Coop de Banderalo",648,500,99,4,1,1,0,0,0,43,0
"116","General Villegas","Coop de Cañada Seca",466,321,63,0,0,1,0,0,14,67,0
"117","General Villegas","Coop de Villa Saboya",229,148,21,3,0,1,0,0,0,56,0
"118","General Villegas","Coop de Villa Sauze",231,198,15,3,0,1,0,0,0,14,0
"119","General Villegas","Coop de Santa Regina",345,219,59,2,1,3,0,0,6,44,11
"120","General Villegas","Coop de Charlone",845,575,123,13,0,1,0,0,19,114,0
"121","General Villegas","Coop de Santa Eleodora",245,148,19,2,0,1,0,0,0,75,0
"122","General Villegas","Coop de Rufino (Santa Fe)",10,0,0,0,0,0,0,0,0,10,0
"123","Junín","Coop de Morse",593,458,87,14,0,1,0,0,10,22,1
"124","Junín","Coop de Fortín Tiburcio",277,228,20,0,0,1,0,0,0,28,0
"125","Junín","Coop de Agustín Roca Ltda.",756,406,29,3,1,1,0,0,15,291,10
"126","Junín","Coop de Agustina",287,156,19,0,1,1,0,0,10,97,3
"127","Junín","Coop de Junin - La Agraria",108,46,6,0,0,1,0,0,2,53,0
"128","Junín","Coop de Laplacette",105,44,5,0,0,0,0,0,2,53,1
"129","Junín","Coop de La Angelita",21,0,2,0,0,0,0,0,0,19,0
"130","Leandro N. Alem","Coop de El Dorado",467,134,27,11,0,1,0,0,0,294,0
"131","Leandro N. Alem","Coop El Chingolo (Santa Fe)",104,39,20,0,0,1,0,0,0,44,0
"132","Lincoln","Coop de El Dorado",100,32,10,2,0,1,0,0,0,55,0
"133","Lincoln","Coop de Pasteur",1039,870,86,4,0,1,0,0,14,64,0
"134","Lincoln","Coop de Arenaza",786,519,141,1,0,1,0,0,13,111,0
"135","Lincoln","Coop de Martinez de Hoz",601,415,85,10,0,1,0,0,20,65,5
"136","Lincoln","Coop de Bayauca",442,267,43,0,0,1,0,0,0,131,0
"137","Lincoln","Coop de Carlos Salas La Pradera",159,123,25,0,0,1,0,0,0,10,0
"138","Lincoln","Coop de Las Toscas",308,178,32,0,0,1,0,0,6,91,0
"139","Lincoln","Coop de Roberts",1652,1257,225,10,0,2,0,0,31,127,0
"140","Lincoln","Coop de El Triunfo",921,700,100,3,1,1,0,0,19,96,1
"141","Lobos","Coop de Antonio Carboni",2645,1350,233,69,0,7,0,0,0,986,0
"142","Luján","Coop de Lujan",42531,38132,3538,461,1,1,0,0,239,158,1
"143","Mercedes","Coop de Mercedes Julio Levin de Agote",1964,917,71,49,0,1,0,0,0,926,0
"144","Monte","Coop de Antonio Carboni",24,0,0,0,0,0,0,0,0,24,0
"145","Navarro","Coop de Navarro COPESNA",7392,5743,929,25,1,1,0,0,128,565,0
"146","Navarro","Coop de Antonio Carboni",63,14,4,2,0,2,0,0,0,41,0
"147","Navarro","Coop de Suipacha",163,127,12,0,0,0,0,0,2,22,0
"148","Pehuajó","Coop de Pehuajó",19551,16219,2505,190,0,6,0,0,0,631,0
"149","Pergamino","Coop El Socorro",646,465,73,5,1,1,0,0,0,101,0
"150","Pergamino","Coop de La Violeta",608,399,65,4,1,1,0,0,0,138,0
"151","Pergamino","Coop de Mariano Alfonzo",617,447,71,0,1,1,0,0,10,87,0
"152","Pergamino","Coop de Manuel Ocampo",549,454,44,0,0,1,0,0,7,43,0
"153","Pergamino","Coop de Urquiza",837,604,67,20,1,1,0,0,15,129,0
"154","Pergamino","Coop de Guerrico",471,326,40,11,1,1,0,0,0,92,0
"155","Pergamino","Coop de Rancagua",426,322,43,0,0,1,0,0,0,60,0
"156","Pergamino","Coop de Pinzón",298,220,18,5,0,1,0,0,0,54,0
"157","Pergamino","Coop de Ayerza",339,262,6,5,0,1,0,0,0,65,0
"158","Pergamino","Coop de Mariano Benitez",169,121,24,4,0,1,0,0,0,19,0
"159","Pergamino","Coop de Pergamino",38809,34576,3375,474,1,1,0,110,263,0,9
"160","Ramallo","Coop de Ramallo",6334,5535,599,53,0,1,0,0,0,146,0
"161","Rivadavia","Coop de Fortín Olavarria",680,490,132,0,0,1,0,0,0,57,0
"162","Rivadavia","Coop de Sansinena",294,194,43,0,0,2,0,0,0,55,0
"163","Rivadavia","Coop de Roosevelt",257,128,51,0,1,1,0,0,1,75,0
"164","Rivadavia","Coop de Rivadavia",6017,4856,930,0,1,1,0,0,0,229,0
"165","Rivadavia","Coop de Gonzalez Moreno",735,601,104,0,0,1,0,0,0,29,0
"166","Rojas","Coop de Rojas",11253,9276,1176,253,1,1,0,0,146,400,0
"167","Rojas","Coop de La Angelita",18,0,1,0,0,0,0,0,0,17,0
"168","Roque Pérez","Coop de Antonio Carboni",273,211,33,1,0,1,0,0,0,27,0
"169","Saladillo","Coop de 25 de Mayo Sur",14,0,0,0,0,0,0,0,1,13,0
"170","Saladillo","Coop de Saladillo",14036,11417,1507,123,1,1,0,0,180,700,107
"171","Saliqueló","Coop de Quenuma",418,245,80,7,0,1,0,0,0,85,0
"172","Salto","Coop de Inés Indart",563,470,52,7,0,3,0,0,0,27,4
"173","Salto","Coop de Salto",12406,10663,1211,74,2,2,0,0,113,341,0
"174","Salto","Coop de Gahan",396,276,42,6,1,1,0,2,0,68,0
"175","Salto","Coop de Arroyo Dulce",1002,743,199,0,1,1,0,0,9,45,4
"176","San Andrés de Giles","Coop de Villa Ruiz",360,285,23,1,0,1,0,0,0,50,0
"177","San Andrés de Giles","Coop de Azcuenaga",319,142,19,19,0,2,0,0,0,137,0
"178","San Andrés de Giles","Coop de Franklin",269,92,17,0,0,0,0,0,0,160,0
"179","San Andrés de Giles","Coop de Cucullú",614,204,65,18,0,3,0,0,11,312,1
"180","San Antonio de Areco","Coop de Villa Lia Ltda.",655,426,71,19,0,1,0,0,13,125,0
"181","San Antonio de Areco","Coop de San A. de Areco",9951,7986,1237,151,3,3,0,5,135,423,8
"182","San Nicolás","Coop de La Emilia",1325,1207,102,5,1,1,0,0,9,0,0
"183","San Nicolás","Coop de General Rojo",1088,922,95,5,1,1,0,0,10,52,2
"184","San Pedro","Coop de San Pedro",25041,21476,2700,8,1,1,0,0,249,564,42
"185","Suipacha","Coop de Suipacha",301,0,24,10,0,0,0,0,6,261,0
"186","Trenque Lauquen","Coop de Trenque Lauquén",21635,17359,2561,90,4,4,0,0,321,1296,0
"187","Zárate","Coop de Zárate",36363,32374,3519,231,1,1,0,0,213,23,1
"188","Adolfo Alsina","Coop de San Miguel Arcangel",437,304,89,2,0,1,0,0,0,41,0
"189","Adolfo Alsina","Coop de Darregueira",99,0,0,0,0,0,0,0,0,99,0
"190","Adolfo Alsina","EDES SA",4800,4175,501,7,0,1,0,0,78,38,0
"191","Adolfo Alsina","Coop de Villa Maza",1056,719,172,14,1,1,0,0,0,144,5
"192","Adolfo Alsina","Coop de Espartillar",70,18,4,6,0,1,0,3,0,38,0
"193","Bahía Blanca","Coop de Colonia La Merced",83,0,0,0,0,1,0,0,0,82,0
"194","Bahía Blanca","EDES SA",137524,124368,12226,282,0,1,0,0,626,21,0
"195","Bahía Blanca","Coop de Cabildo",1566,1182,51,18,1,1,0,0,3,307,3
"196","Bahía Blanca","GUMEM",18,0,3,15,0,0,0,0,0,0,0
"197","Cnl. de Marina L. Rosales","Coop de Punta Alta",25521,23235,1852,111,1,1,0,0,154,166,1
"198","Coronel Dorrego","Coop de El Perdido - Jose A. Guisasola",475,406,50,3,1,1,0,0,7,0,7
"199","Coronel Dorrego","Coop de Cnel. Dorrego",6414,5243,723,8,2,2,0,1,99,336,0
"200","Coronel Dorrego","Coop de Oriente Ltda.",1014,854,118,3,0,1,0,0,33,5,0
"201","Coronel Pringles","Coop de Indio Rico",567,459,67,10,1,1,0,0,9,17,3
"202","Coronel Pringles","Coop de Saldungaray",141,15,25,0,0,1,0,0,0,100,0
"203","Coronel Pringles","Coop de Coronel Pringles",9816,8500,670,219,0,1,0,0,112,112,202
"204","Coronel Pringles","GUMEM",1,0,0,1,0,0,0,0,0,0,0
"205","Coronel Suárez","Coop de Espartillar",76,13,2,4,0,1,0,5,0,51,0
"206","Coronel Suárez","Coop de La Colina",79,5,0,0,0,1,0,0,2,71,0
"207","Coronel Suárez","EDES SA",12428,10593,1576,31,0,1,0,0,134,93,0
"208","Coronel Suárez","Coop de S. de la Ventana",395,324,70,0,0,1,0,0,0,0,0
"209","Coronel Suárez","Coop de San Jose",2945,2662,135,18,1,1,0,0,19,109,0
"210","Coronel Suárez","Coop de Huanguelen",2839,2242,394,31,0,2,0,0,0,170,0
"211","General Lamadrid","Coop de La Colina",419,271,32,20,0,1,0,0,15,80,0
"212","General Lamadrid","Coop de Las Martinetas",216,97,29,0,0,1,0,0,0,89,0
"213","General Lamadrid","Coop de General Lamadrid",323,190,55,0,0,1,0,0,0,77,0
"214","General Lamadrid","Coop de Huanguelen",2,0,0,1,0,0,0,0,0,1,0
"215","General Lamadrid","Coop de San Jorge",195,130,26,0,0,1,0,0,0,38,0
"216","General Lamadrid","EDES SA",4115,3508,505,5,0,1,0,0,91,5,0
"217","Guaminí","Coop de Espartillar",155,40,13,10,0,1,0,4,0,0,87
"218","Guaminí","EDES SA",1575,1269,179,3,0,1,0,0,67,56,0
"219","Guaminí","Coop de Huanguelen",108,29,8,16,0,2,0,0,0,53,0
"220","Guaminí","EDES SA",2291,1993,245,2,0,1,0,0,44,6,0
"221","Guaminí","EDES SA",973,760,108,1,0,1,0,0,25,78,0
"222","Laprida","EDES SA",4705,3948,514,5,0,1,0,0,93,144,0
"223","Monte Hermoso","Coop de Monte Hermoso",10792,9787,939,0,1,1,0,0,60,4,0
"224","Patagones","Coop de J. Pradere",271,240,29,1,0,1,0,0,0,0,0
"225","Patagones","Coop de Bahia San Blás",1047,737,200,2,0,1,0,0,107,0,0
"226","Patagones","EDES SA",9178,8048,910,25,0,1,0,0,135,59,0
"227","Patagones","EDES SA",1832,1471,251,2,0,1,0,0,36,71,0
"228","Patagones","Coop de Stroeder",124,0,0,0,0,0,0,0,3,121,0
"229","Patagones","EDES SA",1077,919,119,2,0,11,0,0,22,4,0
"230","Patagones","GUMEM",1,0,1,0,0,0,0,0,0,0,0
"231","Puán","Coop de Bordenave",640,453,81,0,1,1,0,0,0,104,0
"232","Puán","Coop de Felipe Sola",443,346,60,0,0,1,0,0,18,18,0
"233","Puán","Coop de Azopardo",157,58,15,0,1,2,0,0,6,75,0
"234","Puán","Coop de San Germán",125,76,9,0,1,1,0,0,9,29,0
"235","Puán","Coop de 17 de Agosto",365,198,35,0,0,2,0,0,15,115,0
"236","Puán","Coop de Darregueira",3323,2744,322,30,1,1,0,0,93,131,1
"237","Puán","Coop de Puan",3054,2221,465,42,1,1,0,0,80,244,0
"238","Puán","Coop de Chasico",5,0,0,0,0,0,0,0,0,5,0
"239","Puán","Coop de Villa Iris",1292,1061,75,10,0,1,0,0,54,91,0
"240","Saavedra","Coop de Goyena",459,284,28,2,1,1,0,0,18,124,1
"241","Saavedra","Coop de Dufaur",277,152,30,0,0,1,0,0,0,94,0
"242","Saavedra","Coop de Pigüe",8352,6769,1209,52,0,1,0,0,0,321,0
"243","Saavedra","Coop de Espartillar",474,393,59,1,1,4,0,0,0,15,1
"244","Saavedra","Coop de Felipe Sola",14,0,0,0,0,0,0,0,0,14,0
"245","Saavedra","Coop de Tornquist",35,0,2,0,0,0,0,0,0,33,0
"246","Saavedra","EDES SA",1200,991,160,1,0,1,0,0,30,17,0
"247","Saavedra","GUMEM",1,0,0,1,0,0,0,0,0,0,0
"248","Tornquist","Coop de Chasico",261,78,38,0,0,2,0,0,0,143,0
"249","Tornquist","Coop de S. de la Ventana",1954,1535,397,0,0,1,0,0,0,21,0
"250","Tornquist","Coop de Felipe Sola",69,16,3,0,0,0,0,0,3,47,0
"251","Tornquist","Coop de Saldungaray",803,604,128,0,1,1,0,0,0,53,16
"252","Tornquist","Coop de Tornquist",4820,3665,672,1,0,4,0,0,0,478,0
"253","Villarino","Coop de Colonia La Merced",85,0,2,0,0,1,0,0,0,82,0
"254","Villarino","Coop de Colonia Los Alfalfares",418,186,2,0,2,2,0,0,0,226,0
"255","Villarino","EDES SA",2804,2425,291,4,0,1,0,0,58,25,0
"256","Villarino","Coop de Pedro Luro",4412,3243,671,48,0,1,0,0,0,449,0
"257","Villarino","Coop de Mayor Buratovich",1052,864,142,1,0,1,0,0,0,44,0
"258","Villarino","Coop de Algarrobo (J. Couste)",1349,1194,116,25,1,1,0,0,12,0,0
"259","Villarino","Coop de Ascasubi",1324,1165,118,28,1,1,0,0,11,0,0
"260","2 de Abril","Coop de 2 de Abril (estimada)",193,0,1,0,0,0,0,0,0,192,0
"261","25 de Mayo","Coop Agrop. Machagai Ltda.",672,0,0,0,0,0,0,0,0,672,0
"262","9 de Julio","Coop Agrop. Las Breñas Ltda.",877,0,0,0,0,0,0,0,0,877,0
"263","Chacabuco","Coop Agrop. Charata Ltda.",453,0,0,0,0,0,0,0,21,432,0
"264","Chacabuco","Coop de Charata de agua, ser. y viv. Ltd",740,187,0,1,1,1,0,0,26,494,30
"265","Comandante Fernández","Coop Agrop. La Unión",3688,422,7,0,0,0,0,0,143,3116,0
"266","Fray Justo Sta. María de Oro","Coop Agrop. Santa Sylvina (estimado)",580,0,0,0,0,0,0,0,0,580,0
"267","General Belgrano","Coop de Electr. Rural. Corzuela (estimdo)",551,0,0,0,1,0,0,0,19,531,0
"268","General Güemes","Coop de Provisión Norte Chaqueño Ltda.",1410,0,0,0,0,0,0,0,0,1410,0
"269","Libertador Gral. San Martín","Coop Agricola Toba Algodonera Ltda.",746,0,0,0,0,0,0,0,43,703,0
"270","Maipú","Coop Energetica Maipú Ltda.",1164,0,0,1,0,1,0,1,48,1113,0
"271","Mayor Luis J. Fontana","Coop de Coronel Du Graty (estimado)",112,112,0,0,0,0,0,0,0,0,0
"272","Mayor Luis J. Fontana","Coop Agricola Villa Angela",1025,0,0,0,0,0,0,0,70,955,0
"273","Presidencia de la Plaza","Coop de Elect. Rural Las Colonias Ltda.",633,0,0,0,1,0,0,0,25,602,5
"274","San Lorenzo","Coop de Villa Berthet",729,0,0,0,0,0,0,0,39,690,0
"275","Biedma","Coop de Puerto Madryn",25742,21205,4119,149,1,1,0,0,262,4,1
"276","Biedma","Coop de Puerto Piramides",286,161,91,0,0,0,0,0,34,0,0
"277","Cushamen","Coop de Gualjaina",336,292,36,0,0,1,0,0,6,0,1
"278","Cushamen","Coop de Cushamen",351,323,4,0,1,1,0,0,21,0,1
"279","Cushamen","Coop de El Maiten",1582,1295,158,90,1,1,0,0,33,0,4
"280","Escalante","Coop de Diadema Argentina",472,436,26,0,1,1,0,0,8,0,0
"281","Escalante","Coop de Comodoro Rivadavia",62708,54817,6620,859,0,1,0,0,411,0,0
"282","Florentino Ameghino","Coop de Camarones lda",636,540,65,0,1,1,0,0,29,0,0
"283","Futaleufú","Coop de Corcovado",1107,956,76,12,1,1,0,0,61,0,0
"284","Futaleufú","Coop de Esquel ""16 de Octubre""",15126,12155,1931,16,1,2,0,2,240,778,1
"285","Gaiman","Coop de Gaiman",2672,2385,225,4,1,1,0,0,56,0,0
"286","Gaiman","Coop de Dolavon",1802,1170,145,11,0,1,0,0,105,370,0
"287","Gastre","Coop de Gastre",276,228,32,0,0,1,0,0,14,0,1
"288","Languiñeo","Coop de Tecka Luz y Fuerza",520,447,44,0,1,1,0,0,27,0,0
"289","Mártires","Coop de Las Plumas",276,242,18,0,0,1,0,0,14,0,1
"290","Paso de Indios","Coop de Paso de Indios",545,470,43,0,0,1,0,0,31,0,0
"291","Rawson","Coop de Rawson",14102,12400,1076,31,1,1,0,0,342,251,0
"292","Rawson","Coop de Trelew",36269,32191,3632,86,1,1,0,2,353,0,3
"293","Río Senguerr","Coop de Lago Blanco",116,101,8,0,1,0,0,0,6,0,0
"294","Río Senguerr","Coop de Facundo",125,105,6,0,0,1,0,0,10,0,3
"295","Río Senguerr","Coop de Rio Mayo",1173,991,126,0,0,1,0,0,54,0,1
"296","Río Senguerr","Coop de Victor Antorena Lda",777,592,66,0,1,1,0,0,41,0,76
"297","Río Senguerr","Coop de Ricardo Rojas",120,97,10,0,0,1,0,0,11,0,1
"298","Río Senguerr","Coop de Aldea Beleiro Lda",134,87,21,1,2,1,0,0,12,9,1
"299","Sarmiento","Coop de Buen Pasto",57,41,3,0,0,0,0,0,13,0,0
"300","Sarmiento","Coop de Sarmiento",4437,3658,382,53,1,1,0,0,141,183,18
"301","Tehuelches","Coop de Rio Pico",590,482,68,0,0,1,0,0,34,0,5
"302","Tehuelches","Coop de Tehuelches",2104,1811,189,2,1,1,0,0,96,0,4
"303","Telsen","Coop de Telsen",309,273,23,0,0,1,0,0,11,0,1
"304","Telsen","Coop de Gan Gan",329,281,29,0,1,1,0,0,16,0,1
"305","Calamuchita","Coop de La Cruz",1010,625,22,3,1,1,0,0,28,330,0
"306","Calamuchita","Coop Río de los Sauces",461,420,40,0,0,1,0,0,0,0,0
"307","Calamuchita","Coop de Amboy",722,648,35,3,3,3,0,0,13,14,3
"308","Calamuchita","Coop de El Parador de la Montaña",49,40,6,0,1,1,0,0,1,0,0
"309","Calamuchita","Coop de Los Reartes",1477,1328,142,6,0,1,0,0,0,0,0
"310","Calamuchita","Coop de Santa Mónica",838,592,83,1,2,1,0,0,1,158,0
"311","Calamuchita","Coop de Santa Rosa de Calamuchita",7239,6272,935,25,1,1,0,0,0,0,5
"312","Calamuchita","Coop de Embalse",3882,3368,387,4,1,1,0,0,58,62,1
"313","Calamuchita","Coop de Villa General Belgrano",6084,5003,994,25,0,2,0,0,60,0,0
"314","Calamuchita","Coop de Villa Rumipal",2042,1919,110,2,1,1,0,0,8,0,1
"315","Calamuchita","Coop de Villa del Dique",2573,2315,228,0,1,1,0,0,20,0,8
"316","Calamuchita","Coop de Los Cóndores",1406,1168,174,10,1,1,0,0,23,28,1
"317","Calamuchita","Coop de San Agustín",1827,1481,45,16,0,1,0,0,31,243,10
"318","Colón","Coop de General Paz",820,580,93,38,0,1,0,0,21,81,6
"319","Colón","Coop de La Granja",1891,1714,112,4,1,1,0,0,16,41,2
"320","Colón","Coop de Agua De Oro",2442,2229,152,0,0,1,0,0,25,29,6
"321","Colón","Coop de Colonia Tirolesa",2499,1746,241,6,0,1,0,0,27,478,0
"322","Colón","Coop de Ascochinga",781,456,73,0,0,1,0,0,15,234,2
"323","Colón","Coop de Colonia Caroya y Jesus María",21662,18256,2744,194,2,2,0,26,237,161,40
"324","Cruz del Eje","Coop de San Marcos Sierras",1277,1072,174,0,1,1,0,0,25,0,4
"325","Cruz del Eje","Coop Media Naranja de El Brete",1437,1282,57,0,2,2,0,14,53,2,25
"326","Cruz del Eje","Coop de La Higuera",737,650,50,0,0,0,0,0,37,0,0
"327","Cruz del Eje","Coop de Villa de Soto",3192,2900,240,50,1,1,0,0,0,0,0
"328","General Roca","Coop de Italo",678,507,83,0,0,1,0,0,27,56,4
"329","General Roca","Coop de Huinca Renancó",4274,3532,576,16,0,1,0,0,61,87,1
"330","General Roca","Coop de Villa Huidobro",2211,1800,310,20,0,1,0,0,0,80,0
"331","General Roca","Coop de Jovita",3211,2159,637,0,0,4,0,0,89,322,0
"332","General Roca","Coop de El Campillo",1561,1267,193,0,1,1,0,0,33,65,1
"333","General Roca","Coop de Villa Valeria",1666,1357,218,0,1,1,0,0,26,61,2
"334","General Roca","Coop de Mattaldi",770,590,150,0,1,1,0,0,22,1,5
"335","General San Martín","Coop de Ticino",1057,802,142,32,1,1,0,0,12,67,0
"336","General San Martín","Coop de La Laguna",726,565,121,1,0,1,0,0,14,22,2
"337","General San Martín","Coop de Chazon",579,402,98,6,1,1,0,0,22,48,1
"338","General San Martín","Coop de Pasco",619,420,100,3,0,1,0,0,24,70,1
"339","General San Martín","Coop de Ausonia",471,353,56,7,1,1,0,0,13,39,1
"340","General San Martín","Coop de Silvio Pellico",302,170,16,7,0,2,0,0,15,92,0
"341","General San Martín","Coop de La Palestina",318,255,15,1,1,1,0,0,11,34,0
"342","General San Martín","Coop de Luca",315,186,25,4,1,1,0,3,11,84,0
"343","General San Martín","Coop de Arroyo Algodón",565,320,40,9,0,1,0,11,27,150,7
"344","General San Martín","Coop de Villa Nueva",805,141,30,34,1,1,0,7,21,570,0
"345","General San Martín","Coop de Etruria",2219,1753,381,14,0,1,0,0,18,52,0
"346","General San Martín","Coop de Arroyo Cabral",1596,1369,89,22,3,1,0,3,21,80,8
"347","General San Martín","Coop de Tio Pujio",2115,1417,338,2,0,1,0,5,42,310,0
"348","General San Martín","Coop de La Playosa",1318,1008,159,3,0,1,0,0,24,123,0
"349","Ischilín","Coop de Dean Funes",8477,6527,979,36,1,1,0,17,112,804,0
"350","Ischilín","Coop de Quilino",2595,2049,214,22,0,2,0,1,91,215,1
"351","Juárez Celman","Coop de Huanchillas",825,490,120,0,0,1,0,0,14,200,0
"352","Juárez Celman","Coop de Charras",721,563,48,8,0,1,0,0,14,73,14
"353","Juárez Celman","Coop de Bengolea",545,340,58,0,1,1,0,2,28,110,5
"354","Juárez Celman","Coop de Los Cisnes",649,276,21,16,0,1,0,0,12,323,0
"355","Juárez Celman","Coop de Olaeta",342,241,63,1,0,1,0,2,7,21,6
"356","Juárez Celman","Coop de General Cabrera",145,0,0,26,0,1,0,5,0,113,0
"357","Juárez Celman","Coop de General Deheza",4959,3929,607,207,1,1,0,0,45,135,34
"358","Juárez Celman","Coop de Ucacha",205,0,0,7,0,0,0,0,6,191,1
"359","Juárez Celman","Coop de Alejandro Ltda.",38,12,6,0,1,0,0,0,1,17,1
"360","Juárez Celman","Coop de Santa Eufemia",1149,830,178,9,1,1,0,0,14,116,0
"361","Juárez Celman","Coop de Reducción",670,538,71,8,1,1,0,1,13,36,1
"362","Marcos Juárez","Coop de Cavanagh",675,524,101,4,0,1,0,0,26,19,0
"363","Marcos Juárez","Coop de Leones",379,0,0,0,0,0,0,0,0,379,0
"364","Marcos Juárez","Coop de Arias",255,0,1,0,0,0,0,0,3,251,0
"365","Marcos Juárez","Coop de Camilo Aldao",2633,1917,483,38,0,1,0,0,30,135,29
"366","Marcos Juárez","Coop de Monte Buey",3284,2513,551,7,1,2,0,0,40,165,5
"367","Marcos Juárez","Coop de Isla Verde",708,384,22,0,0,1,0,0,15,278,8
"368","Marcos Juárez","Coop de Inriville",1959,1635,123,20,1,1,0,0,7,167,5
"369","Marcos Juárez","Coop de Guatimonzín",1294,1047,101,86,0,1,0,0,12,47,0
"370","Marcos Juárez","Coop de General Roca",2573,1568,240,26,1,1,0,0,52,685,0
"371","Marcos Juárez","Coop de General Baldissera",1148,881,99,41,0,1,0,0,7,114,5
"372","Minas","Coop de San Carlos Minas",1153,695,82,0,0,2,0,0,42,332,0
"373","Pocho","Coop de Salsacate",1605,608,125,32,1,1,0,0,74,763,1
"374","Pres. Roque Sáenz Peña","Coop de Melo",618,458,80,0,0,1,0,0,18,61,0
"375","Pres. Roque Sáenz Peña","Coop de La Cesira",747,472,125,0,0,1,0,16,19,110,4
"376","Pres. Roque Sáenz Peña","Coop de Laboulaye",10261,8345,1448,31,1,1,0,0,116,311,8
"377","Pres. Roque Sáenz Peña","Coop de General Levalle",2908,2194,467,16,2,2,0,0,16,202,9
"378","Pres. Roque Sáenz Peña","Coop de Serrano",1681,1287,163,0,1,0,0,0,50,180,0
"379","Río Cuarto","Coop de Coronel Baigorria",830,621,49,1,1,1,0,0,5,133,19
"380","Río Cuarto","Coop de Bulnes",522,404,31,25,0,1,0,1,21,39,0
"381","Río Cuarto","Coop La Cautiva",323,235,46,2,1,1,0,0,30,8,0
"382","Río Cuarto","Coop de Washington",204,200,0,3,0,1,0,0,0,0,0
"383","Río Cuarto","Coop de Alpa Corral",1174,1035,108,3,1,1,0,0,15,8,3
"384","Río Cuarto","Coop de Las Higueras",2936,2536,75,44,1,1,0,0,21,258,0
"385","Río Cuarto","Coop de Chucul",203,132,9,1,0,0,0,0,18,43,0
"386","Río Cuarto","Coop de Coronel Moldes",4470,3548,548,2,0,1,0,0,50,318,3
"387","Río Cuarto","Coop de Vicuña Mackenna",5353,4167,857,19,0,2,0,0,37,260,11
"388","Río Cuarto","Coop de Sampacho",4707,3828,473,19,3,3,0,0,19,291,71
"389","Río Cuarto","Coop de Berrotarán",3606,2993,458,26,1,1,0,0,11,83,33
"390","Río Cuarto","Coop de Adelia Maria",4140,3307,469,9,2,2,0,0,93,248,10
"391","Río Cuarto","Coop de Alcira",3000,2361,390,0,1,1,0,0,33,156,58
"392","Río Cuarto","Coop de Santa Catalina (Holmberg)",1890,1487,143,29,1,1,0,0,36,193,0
"393","Río Cuarto","Coop de Elena",2524,2151,155,11,1,1,0,0,205,0,0
"394","Río Cuarto","Coop de San Basilio",1758,1267,344,5,1,1,0,0,11,113,16
"395","Río Cuarto","Coop de Achiras",1767,1222,241,0,0,1,0,0,36,267,0
"396","Río Cuarto","Coop de Las Acequias",1174,859,102,7,0,1,0,4,31,170,0
"397","Río Cuarto","Coop de Las Vertientes",499,392,16,0,1,2,0,0,0,88,0
"398","Río Primero","Coop de Obispo Trejo",1085,905,115,0,0,1,0,3,37,24,0
"399","Río Primero","Coop de Villa Fontana",521,381,43,1,1,1,0,1,29,63,1
"400","Río Primero","Coop de Santa Rosa",4481,3486,483,12,1,1,0,29,141,328,0
"401","Río Primero","Coop de Rio Primero",3555,2682,403,24,6,8,0,17,54,322,39
"402","Río Primero","Coop de Monte Cristo",4222,2800,240,28,0,4,0,0,0,1150,0
"403","Río Primero","Coop de La Para",1705,1405,169,18,0,1,0,0,16,96,0
"404","Río Primero","Coop de La Puerta",1156,885,133,6,0,1,0,9,52,61,9
"405","Río Seco","Coop de Villa de María",629,438,97,0,0,1,0,0,23,70,0
"406","Río Seco","Coop de Sebastian Elcano",2116,1805,132,7,0,1,0,0,39,132,0
"407","Río Segundo","Coop de Colazo",661,517,44,46,0,1,0,0,12,36,5
"408","Río Segundo","Coop de Costa Sacate",700,499,64,7,1,3,0,13,18,93,2
"409","Río Segundo","Coop de Manfredi",400,315,42,0,1,2,0,0,10,28,2
"410","Río Segundo","Coop de Matorrales",548,340,91,1,1,1,0,4,28,76,6
"411","Río Segundo","Coop de Los Chañaritos",204,66,25,1,0,2,0,0,12,98,0
"412","Río Segundo","Coop de Villa del Rosario",7648,6738,619,71,3,3,0,0,95,97,22
"413","Río Segundo","Coop de Oncativo",6488,4760,1185,195,1,1,0,0,57,155,134
"414","Río Segundo","Coop de Laguna Larga",3387,2989,185,30,1,2,0,2,50,128,0
"415","Río Segundo","Coop de Pozo del Molle",2943,2237,296,30,0,1,0,0,51,301,27
"416","Río Segundo","Coop de Luque",2678,2162,360,33,1,1,0,0,29,75,17
"417","Río Segundo","Coop de Calchin",1241,870,176,8,1,1,0,0,24,147,14
"418","Río Segundo","Coop de Las Junturas",798,606,131,12,1,1,0,0,17,30,0
"419","Río Segundo","Coop de Carrilobo",893,650,149,0,1,1,0,0,20,57,15
"420","Río Segundo","Coop de Calchin Oeste",350,263,33,2,1,1,0,0,12,32,6
"421","San Alberto","Coop de Nono",2265,1826,391,0,0,0,0,0,48,0,0
"422","San Alberto","Coop de Mina Clavero",9086,7286,1637,0,1,1,0,0,161,0,0
"423","San Alberto","Coop Mixta del Oeste (V. Dolores)",4023,3616,271,0,5,8,0,36,84,0,3
"424","San Javier","Coop de Luyaba",580,0,61,5,0,5,0,0,17,492,0
"425","San Javier","Coop de Los Hornillos",816,680,118,0,1,1,0,0,15,0,1
"426","San Javier","Coop de Villa de Las Rosas",1747,1532,179,0,0,1,0,0,35,0,0
"427","San Javier","Coop Mixta del Oeste (V. Dolores)",19255,16428,2484,0,6,8,0,25,275,0,29
"428","San Justo","Coop de Altos de Chipion",962,690,154,0,0,1,0,0,29,88,0
"429","San Justo","Coop de El Arañado",1020,718,98,3,1,1,0,0,21,173,5
"430","San Justo","Coop de La Tordilla",807,474,89,0,1,1,0,1,23,212,6
"431","San Justo","Coop de El Fortin",678,485,65,0,0,1,0,0,24,93,10
"432","San Justo","Coop de Las Varas",709,532,51,14,0,1,0,0,18,87,6
"433","San Justo","Coop de Colonia Marina",703,437,87,0,0,1,0,0,20,152,6
"434","San Justo","Coop de Colonia San Bartolomé",671,475,56,0,0,1,0,0,12,119,8
"435","San Justo","Coop de Arroyito",10506,9039,1220,15,1,1,0,0,40,150,40
"436","San Justo","Coop de Las Varillas",9109,6840,1812,205,1,1,0,0,81,147,22
"437","San Justo","Coop de Morteros",8417,6551,1099,157,0,1,0,0,134,450,25
"438","San Justo","Coop de Colonia Prosperidad",522,269,12,6,1,3,0,0,43,185,3
"439","San Justo","Coop de La Paquita",659,469,86,0,0,1,0,0,0,103,0
"440","San Justo","Coop de Plaza San Francisco Ltda.",358,162,113,0,0,1,0,0,4,75,3
"441","San Justo","Coop de Brinkmann",5186,4202,555,21,0,1,0,0,59,260,88
"442","San Justo","Coop de Freyre",3441,2455,745,28,1,1,0,0,31,180,0
"443","San Justo","Coop de Devoto",346,75,0,4,0,1,0,0,9,256,1
"444","San Justo","Coop de Porteña",2778,2442,189,2,0,1,0,0,8,135,1
"445","San Justo","Coop de La Francia",1918,1550,167,15,0,1,0,0,28,145,12
"446","San Justo","Coop de Sacanta",1543,1184,221,6,1,1,0,0,18,107,5
"447","San Justo","Coop de Alicia",1231,890,163,3,1,1,0,0,19,153,1
"448","San Justo","Coop de Saturnino Laspiur (Edison)",1244,972,133,27,1,1,0,0,25,80,5
"449","San Justo","Coop de Tránsito",1561,1268,90,17,1,1,0,0,26,138,20
"450","San Justo","Coop de Miramar",1524,1294,100,8,0,1,0,0,38,83,0
"451","San Justo","Coop de Marull",1005,726,148,5,0,1,0,0,25,100,0
"452","San Justo","Coop de El Tio",2392,1955,159,27,2,2,0,0,61,175,11
"453","Santa María","Coop de Anisacate",4098,3822,187,14,1,4,0,0,43,26,1
"454","Santa María","Coop de Lozada",360,230,60,5,0,1,0,0,4,60,0
"455","Santa María","Coop de Villa San Isidro",413,323,11,0,1,1,0,0,6,67,4
"456","Santa María","Coop de Monte Ralo",257,164,20,2,0,1,0,0,5,62,3
"457","Santa María","Ccop de La Cumbrecita",589,458,124,6,0,1,0,0,0,0,0
"458","Santa María","Coop de San Jose de la Quintana",297,290,0,0,1,1,0,0,4,0,1
"459","Santa María","Coop de La Rancherita",98,80,15,0,0,3,0,0,0,0,0
"460","Santa María","Coop de Rafael García",240,190,20,11,1,1,0,0,7,10,0
"461","Santa María","Coop de Bouwer",361,311,7,0,1,1,0,0,22,19,0
"462","Santa María","Coop de La Serranita",445,383,58,0,1,1,0,0,2,0,0
"463","Santa María","Coop de Despeñaderos",2616,2247,139,12,1,1,0,0,10,206,0
"464","Santa María","Coop de Toledo",1581,1324,127,14,1,1,0,0,27,85,2
"465","Sobremonte","Coop de Sobremonte",301,224,41,0,2,0,0,0,34,0,0
"466","Tercero Arriba","Coop de Dalmacio Velez Sarfield",445,342,52,7,1,1,0,0,21,21,0
"467","Tercero Arriba","Coop de G. Fotheringham",561,209,21,6,0,2,0,5,9,308,1
"468","Tercero Arriba","Coop de Colonia Almada",316,188,17,0,0,1,0,0,12,92,6
"469","Tercero Arriba","Coop de Los Zorros",364,152,50,3,0,1,0,0,16,142,0
"470","Tercero Arriba","Coop de Pampayasta Norte",148,43,4,0,0,0,0,0,3,98,0
"471","Tercero Arriba","Coop de Oliva",5554,4761,554,16,1,1,0,0,61,117,43
"472","Tercero Arriba","Coop de Hernando",6123,5136,665,26,0,1,0,0,81,214,0
"473","Tercero Arriba","Coop de Almafuerte",5088,4314,593,15,2,2,0,0,48,98,16
"474","Tercero Arriba","Coop de Tancacha",52,0,0,8,0,0,0,0,0,44,0
"475","Tercero Arriba","Coop de Las Perdices",2221,1690,426,0,1,1,0,0,16,58,29
"476","Tercero Arriba","Coop de James Craik Ltda",76,0,0,0,0,0,0,0,0,76,0
"477","Tercero Arriba","Coop de Rio Tercero",21599,18154,2746,158,1,1,0,0,179,159,201
"478","Tercero Arriba","Coop de Corralito",788,671,73,5,0,1,0,0,13,16,9
"479","Tercero Arriba","Coop de Villa Ascasubi",989,855,63,0,0,1,0,0,19,51,0
"480","Totoral","Coop de Las Peñas",1130,862,124,19,0,4,0,0,51,66,4
"481","Totoral","Coop de Cañada de Luque",577,351,68,0,0,1,0,14,33,110,0
"482","Totoral","Coop de Sarmiento",902,640,86,0,0,1,0,6,49,120,0
"483","Totoral","Coop de Simbolar",140,0,0,0,0,0,0,0,0,140,0
"484","Tulumba","Coop de Las Arrias",621,264,17,16,0,1,0,0,12,311,0
"485","Tulumba","Coop de San José de la Dormida",2120,1729,243,0,1,1,0,0,29,117,0
"486","Unión","Coop de Pueblo Italiano",922,690,78,7,0,1,0,4,8,126,8
"487","Unión","Coop de La Unión del Pueblo (Cintra)",720,493,103,20,1,1,0,0,17,85,0
"488","Unión","Coop de San Antonio de Litin",615,440,100,10,1,1,0,0,13,50,0
"489","Unión","Coop de Benjamin Gould",347,255,29,2,0,1,0,1,10,48,1
"490","Unión","Coop de Alto Alegre",116,0,0,0,0,0,0,0,0,116,0
"491","Unión","Coop de Colonia Bismarck y C. Barge",507,265,31,0,4,4,0,0,0,202,1
"492","Unión","Coop de Chilibroste",304,235,18,8,1,1,0,0,14,25,2
"493","Unión","Coop de Monte Leña",429,194,1,5,0,1,0,0,10,217,1
"494","Unión","Coop de Canals",4458,3382,265,550,1,1,0,2,89,167,1
"495","Unión","Coop de Justiniano Posse",4187,3151,640,51,1,1,0,0,58,276,9
"496","Unión","Coop de Laborde",82,0,0,0,0,0,0,0,0,82,0
"497","Unión","Coop de Ballesteros",99,0,0,0,0,0,0,0,0,99,0
"498","Unión","Coop de Morrison",224,0,0,0,0,0,0,0,0,224,0
"499","Unión","Coop de San Marcos Sud",1499,1314,82,31,0,1,0,0,12,47,12
"500","Unión","Coop de Ordoñez",1354,988,240,7,0,1,0,0,24,91,3
"501","Unión","Coop de Pascanas",169,0,0,0,0,0,0,0,0,169,0
"502","Unión","Coop de Viamonte",841,621,130,10,0,3,0,0,4,72,1
"503","Unión","Coop de Idiazabal",801,623,102,4,0,1,0,0,24,47,0
"504","Bella Vista","Coop de Bella Vista",2216,0,0,0,0,0,0,0,0,2216,0
"505","Monte Caseros","Coop de Monte Caseros",1072,0,0,0,0,0,0,0,0,1072,0
"506","Monte Caseros","Coop de Aguara",701,405,9,19,1,1,0,16,6,237,7
"507","Santo Tomé","Coop de Gobernador Virasoro",2321,0,249,89,1,1,0,0,46,1935,0
"508","Concordia","Coop de Concordia",51691,45968,4620,59,1,1,0,0,495,0,547
"509","Diamante","Coop de Quebracho",1927,1109,193,6,0,2,0,0,52,565,0
"510","Federación","Coop de Chajari",6213,3300,1227,12,0,2,0,1,189,1482,0
"511","Gualeguay","Coop La Protectora",597,0,144,12,0,1,0,0,21,419,0
"512","Gualeguay","Coop La Esperanza",103,0,2,0,0,0,0,0,4,97,0
"513","Gualeguaychú","Coop San Antonio",2259,1442,248,37,0,1,0,0,77,454,0
"514","Gualeguaychú","Coop de Gualeguaychu",37013,32777,3229,251,1,1,0,0,316,438,0
"515","La Paz","Coop de La Paz",10518,8522,926,26,1,4,0,2,149,888,0
"516","Nogoyá","Coop La Esperanza",472,0,13,5,1,2,0,0,31,420,0
"517","Paraná","Coop La Agrícola Regional (Crespo)",5326,3664,339,39,1,1,0,0,61,1168,53
"518","Paraná","Coop de Quebracho",5962,4150,629,42,0,3,0,0,117,1021,0
"519","Paraná","Coop de 25 de Mayo",5549,3571,698,22,1,1,0,0,184,1072,0
"520","Paraná","Coop El Tala",4609,2785,843,16,0,1,0,0,138,826,0
"521","Paraná","Coop Gral José de San Martín",3979,2043,502,35,2,2,0,0,155,1240,0
"522","Tala","Coop El Supremo Entrerriano",1472,0,0,0,0,1,0,0,65,1406,0
"523","Tala","Coop La Esperanza",1292,1135,115,1,2,2,0,0,37,0,0
"524","Uruguay","Coop Ruta J",2776,1708,204,21,1,1,0,3,38,800,0
"525","Uruguay","Coop Santa Anita",938,618,110,17,0,3,0,23,16,151,0
"526","Uruguay","Coop General Urquiza",2605,1846,106,43,0,5,0,43,171,391,0
"527","Victoria","Coop de Victoria",1873,0,0,0,0,1,0,0,58,1814,0
"528","Villaguay","Coop de Villaguay Ltda.",1175,0,171,5,0,1,0,30,30,890,48
"529","Villaguay","Coop de Quebracho",696,0,41,8,0,2,0,0,27,618,0
"530","Pilcomayo","Coop de Clorinda",7882,0,0,0,0,0,0,0,0,7882,0
"531","Pirané","Coop El Chaja",973,0,0,0,0,0,0,0,0,973,0
"532","Pirané","Coop El Colorado",3534,0,0,0,0,0,0,0,0,3534,0
"533","Atreucó","Coop de Rolón",407,291,41,0,0,1,0,0,13,56,5
"534","Atreucó","Coop de Macachín",2858,2170,338,19,0,1,0,0,39,264,27
"535","Atreucó","Coop de Miguel Riglos",1349,986,180,1,0,1,0,0,48,108,25
"536","Atreucó","Coop de Doblas",925,664,116,4,3,1,0,0,28,103,6
"537","Caleu Caleu","Coop de La Adela",986,793,100,3,0,1,0,3,58,8,20
"538","Capital","Coop de Santa Rosa",51236,45038,4747,149,91,1,0,0,518,325,367
"539","Catriló","Coop de Santa Rosa",3352,2700,343,30,14,0,0,0,64,165,36
"540","Chapaleufú","Coop Santa Elvira (Bernardo Larroude)",954,655,183,3,20,11,0,0,31,49,2
"541","Chapaleufú","Coop de Realicó",386,288,48,1,0,3,0,0,25,15,6
"542","Chapaleufú","Coop de Int. Alvear",4061,3366,378,45,0,31,0,0,72,126,43
"543","Conhelo","Coop de Santa Rosa",235,158,14,1,1,1,0,0,15,41,4
"544","Conhelo","Coop de Eduardo Castex",5140,4051,670,14,0,38,0,17,77,240,33
"545","Conhelo","Coop de Winifreda",1846,1244,216,2,0,7,0,0,58,307,12
"546","Guatraché","Coop de General Acha",43,11,5,0,0,2,0,0,11,14,0
"547","Guatraché","Coop de Guatrache",3272,2578,423,19,15,2,0,0,88,110,37
"548","Guatraché","Coop de Darregueira Ltda (Buenos Aires)",27,0,0,0,0,0,0,0,0,27,0
"549","Guatraché","Coop de Alpachiri",1134,866,140,7,0,7,0,0,27,69,18
"550","Hucal","Coop de Abramo",243,162,11,0,0,1,0,0,18,40,11
"551","Hucal","Coop de General San Martín",1522,1214,198,12,0,10,0,0,24,54,10
"552","Hucal","Coop de Jacinto Arauz",1513,1229,136,12,0,13,0,0,28,75,20
"553","Hucal","Coop de Bernasconi",986,824,99,3,0,7,0,0,23,17,13
"554","Loventué","Coop de Victorica",4041,3476,207,138,0,1,0,0,130,54,35
"555","Maracó","Coop de General Pico",28595,24092,3538,178,1,1,0,0,291,229,265
"556","Puelén","Coop de 25 de Mayo",3590,2917,327,22,2,1,0,6,147,163,5
"557","Quemú Quemú","Coop de Villa Mirasol",350,239,50,1,0,1,0,0,12,47,0
"558","Quemú Quemú","Coop de Quemu Quemu",3028,2238,363,10,0,7,0,0,96,282,32
"559","Quemú Quemú","Coop de C.Barón",1610,1308,215,3,0,1,0,0,27,45,11
"560","Rancul","Coop de Caleufú",2072,1417,337,0,0,14,0,0,82,205,17
"561","Rancul","Coop de Rancul",1663,1350,174,3,0,9,0,0,34,93,0
"562","Rancul","Coop de Realicó",1332,1054,166,3,0,10,0,0,47,35,17
"563","Realicó","Coop de Realicó",4194,3260,650,20,0,32,0,0,97,84,51
"564","Realicó","Coop de Ing. Luiggi",48483,35687,7215,276,0,398,0,0,1072,3115,720
"565","Toay","Coop de Santa Rosa",5990,5393,299,12,10,1,0,0,64,173,38
"566","Trenel","Coop de Arata",635,466,78,4,0,2,0,14,23,48,0
"567","Trenel","Coop de Eduardo Castex",267,197,16,1,0,3,0,0,11,34,5
"568","Trenel","Coop de Trenel",1863,1404,307,22,8,1,0,0,40,75,6
"569","Utracán","Coop de Santa Rosa",508,355,33,2,2,3,0,0,22,87,4
"570","Utracán","Coop de General Acha",6339,5416,702,11,25,36,0,0,21,86,42
"571","General Alvear","Coop de General Alvear Ltda.",17160,12944,1070,216,1,1,0,137,116,2674,1
"572","General Alvear","Coop de Bowen Ltda.",3502,1820,279,26,1,1,0,40,46,1289,0
"573","Godoy Cruz","Coop de Godoy Cruz Ltda.",65214,59216,5898,98,0,1,0,0,0,0,1
"574","Junín","Coop de Rivadavia Ltda.",2105,1671,240,8,0,1,0,185,0,0,0
"575","Junín","Coop de Medrano Ltda.",607,509,35,27,0,1,0,27,5,0,3
"576","Junín","Coop de Alto Verde y Algarrobo Grande",2745,2184,73,305,1,1,0,175,6,0,0
"577","Rivadavia","Coop de Rivadavia Ltda.",12479,10132,2110,45,0,1,0,191,0,0,0
"578","Rivadavia","Coop de Rural Sud Rio Tunuyan Rivadavia",4331,2867,179,60,1,1,0,524,0,699,0
"579","Rivadavia","Coop de Medrano Ltda.",736,603,55,36,0,1,0,20,8,13,0
"580","San Martín","Coop de Alto Verde y Algarrobo Grande",12370,9824,288,753,1,1,0,1494,9,0,0
"581","San Rafael","Coop de Monte Coman Ltda.",1432,1273,93,7,1,1,0,0,32,25,0
"582","Santa Rosa","Coop de Santa Rosa Ltda.",374,275,18,3,0,1,0,76,0,0,1
"583","Santa Rosa","Coop de Rivadavia Ltda.",135,95,3,0,0,1,0,36,0,0,0
"584","Santa Rosa","Coop de Rural Sud Rio Tunuyan Rivadavia",211,68,8,6,0,0,0,60,0,69,0
"585","Santa Rosa","Coop de Alto Verde y Algarrobo Grande",559,432,13,25,1,1,0,85,2,0,0
"586","25 de Mayo","Coop de Alto Uruguay (25 de Mayo)",7383,7002,186,72,1,1,0,0,121,0,0
"587","Cainguás","Coop de Cainguás Ltda.",7544,7171,221,119,1,1,0,0,31,0,0
"588","Cainguás","Coop 2 de Mayo Ltda.",3459,2414,104,70,1,1,0,0,45,819,5
"589","Concepción","Coop de C. de La Sierra Ltda",4672,4300,170,70,1,1,0,0,130,0,0
"590","Eldorado","Coop de Eldorado Ltda.",23707,21435,1825,225,1,2,0,0,218,0,1
"591","Leandro N. Alem","Coop de Leandro N. Alem Ltda.",13692,12322,961,167,4,4,0,0,234,0,0
"592","Libertador Gral. San Martín","Coop de Lib.G. San Martin Luz y Fuerza",15318,14112,695,358,1,1,0,0,151,0,0
"593","Montecarlo","Coop de Montecarlo Ltda.",11423,10224,780,209,1,1,0,0,167,0,41
"594","Oberá","Coop de Oberá Ltda",30276,22828,1565,523,1,1,0,0,258,5047,53
"595","San Ignacio","Coop de Oberá Ltda",94,40,1,5,0,0,0,0,6,42,0
"596","Confluencia","Coop de Plottier",13943,12700,820,180,0,1,0,92,150,0,0
"597","Confluencia","CALF",87197,77573,9490,122,0,1,0,11,0,0,0
"598","Confluencia","Coop de Cutral Có",18671,17114,1261,68,1,1,0,0,226,0,0
"599","Zapala","Coop de Zapala",13086,11836,949,61,1,1,0,0,236,2,0
"600","Bariloche","Coop de Bariloche",46095,40247,5816,28,2,1,0,0,1,0,0
"601","General Roca","CALF (Neuquén)",293,245,29,1,0,1,0,17,0,0,0
"602","Pichi Mahuida","Coop de Rio Colorado",6568,5586,966,9,1,1,0,4,1,0,0
"603","Caucete","DECSA",10435,9203,1000,60,3,3,0,125,41,0,0
"604","Deseado","Municp de Pico Truncado",6391.15,5150,865.2,0,0,1.03,0,0,298.7,0,76.22
"605","Belgrano","Coop de Armstrong",5878,4533,635,224,1,1,0,0,56,421,7
"606","Belgrano","Coop de Tortugas",1180,954,72,35,0,1,0,0,19,99,0
"607","Caseros","Coop de San José de La Esquina",163,0,0,5,1,0,0,0,0,157,0
"608","Caseros","Coop de Chabasense",3519,2747,376,180,1,1,0,0,89,124,1
"609","Caseros","Coop de Arequito",107,0,0,0,0,0,0,0,0,107,0
"610","Caseros","Coop de Bigand",2566,2075,400,90,0,1,0,0,0,0,0
"611","Caseros","Coop de Los Molinos",78,0,0,0,0,0,0,0,0,78,0
"612","Caseros","Coop de Godeken",941,675,107,79,0,1,0,0,8,58,13
"613","Castellanos","Coop de Tacural",1882,732,163,0,0,1,0,0,0,985,1
"614","Castellanos","Coop de Colonia Josefina",487,0,0,0,0,0,0,0,0,487,0
"615","Castellanos","Coop de Humberto Primero",145,0,0,0,0,0,0,0,0,145,0
"616","Constitución","Coop de Cañada Rica",393,279,62,0,1,1,0,0,5,44,1
"617","Constitución","Coop de Santa Teresa",1652,1288,130,121,1,1,0,0,26,85,0
"618","Constitución","Coop de Pavón Arriba",798,646,149,1,1,1,0,0,0,0,0
"619","Constitución","Coop de J. B. Molina",700,558,94,0,0,1,0,0,14,33,0
"620","Garay","Coop de Helvecia",786,0,0,0,0,0,0,0,0,786,0
"621","General López","Coop de San Eduardo",460,402,57,0,0,1,0,0,0,0,0
"622","General López","Coop de Rufino",9289,7720,1178,68,2,2,0,0,37,228,54
"623","General López","Municipalidad de Christophersen",207,200,0,0,1,1,0,0,5,0,0
"624","General López","Coop de Villa Cañás",4623,3707,639,17,1,1,0,0,50,170,38
"625","General López","Coop de Elortondo",3217,2502,371,124,1,1,0,0,12,195,11
"626","General López","Coop de Wheelwright",3127,2519,327,120,1,2,0,0,44,108,6
"627","General López","Coop El Chingolo (Teodelina)",159,0,0,0,0,0,0,0,0,159,0
"628","General López","Coop de Venado Tuerto",37317,31973,3557,1272,1,5,0,0,313,0,196
"629","General López","Coop de Hugues",2223,1836,272,9,1,1,0,0,5,92,7
"630","General López","Coop de San Gregorio",3302,2574,284,122,2,2,0,0,71,238,9
"631","General López","Coop de Sancti Spiritu",1631,1276,230,13,0,1,0,0,18,93,0
"632","General López","Coop de Maria Teresa",1834,1463,176,14,1,1,0,0,50,126,3
"633","General López","Coop de Murphy",2015,1655,188,0,0,1,0,0,36,131,4
"634","General López","Coop de Chovet",1267,821,138,12,1,1,0,0,12,272,10
"635","General López","Coop de Carmen",910,705,76,28,0,1,0,0,19,80,1
"636","General Obligado","Coop de Avellaneda",9091,7381,586,380,1,1,0,24,69,591,58
"637","General Obligado","Coop de El Araza",285,200,12,5,0,1,0,0,0,67,0
"638","General Obligado","Coop de Las Toscas",309,0,0,0,0,0,0,0,0,309,0
"639","Iriondo","Coop de Serodino Ltda.",60,0,0,0,0,0,0,0,0,60,0
"640","Iriondo","Coop de Cañada de Gomez",868,0,0,89,1,1,0,0,19,758,0
"641","Las Colonias","Coop de Sa Pereyra",800,574,96,5,1,1,0,0,12,95,16
"642","Las Colonias","Comuna de San Carlos Norte",449,436,0,6,0,1,0,0,6,0,0
"643","Rosario","Coop de Villa  Amelia",470,383,30,56,0,1,0,0,0,0,0
"644","Rosario","Coop de Ibarlucea",954,877,75,1,0,1,0,0,0,0,0
"645","Rosario","Comuna de Arminda",177,122,31,6,0,1,0,0,2,9,6
"646","Rosario","Coop de Villa Gdor. Galvez",26543,23890,1578,767,1,1,0,0,204,32,70
"647","Rosario","Coop de Soldini",1545,1132,152,14,0,1,0,62,27,157,0
"648","Rosario","Coop de Acebal",2429,1915,314,146,1,1,0,0,24,28,0
"649","Rosario","Coop de Pueblo Esther",5519,5097,354,21,1,1,0,0,44,0,1
"650","San Javier","Coop de Romang",1020,390,58,9,0,5,0,0,15,536,7
"651","San Jeronimo","Coop de Lopez",694,521,64,42,0,2,0,0,8,57,0
"652","San Jeronimo","Coop de Galvez",9180,7749,881,196,1,1,0,0,119,232,1
"653","San Jeronimo","Coop de Centeno",1443,1183,212,18,1,1,0,0,25,2,1
"654","San Justo","Coop de Vera y Pintado y La Camila",445,0,0,0,0,0,0,0,0,445,0
"655","San Justo","Coop de La Criolla",371,0,0,0,0,0,0,0,0,371,0
"656","San Lorenzo","Coop de Carcarañá",189,0,0,0,0,0,0,0,0,189,0
"657","San Lorenzo","Coop de Villa Mugueta",1232,981,146,43,1,1,0,0,28,32,0
"658","San Lorenzo","Coop de Fuentes",1301,967,97,149,1,1,0,0,37,49,0
"659","San Martín","Coop de Colonia Belgrano",567,431,82,12,0,1,0,0,10,31,0
"660","Vera","Coop de Calchaquí",153,0,0,0,0,0,0,0,0,153,0
"661","Vera","Coop de Margarita",201,0,0,0,0,0,0,0,0,201,0
"662","Rivadavia","Coop de Rivadavia",712,0,0,0,0,0,0,0,0,712,0
"663","Río Grande","Coop de Rio Grande",28274,24900,2869,136,0,1,0,0,368,0,0
