"0","coop_electr_factur <- dplyr::bind_rows("
"0","  coopareaEDEA14_factur,"
"0","  coopareaEDENOR14_factur,"
"0","  CoopareaEDEN14_factur,"
"0","  CoopareaEDES14_factur,"
"0","  Coopchaco14_factur,"
"0","  CoopChubut14_factur,"
"0","  Coopcordoba14_factur,"
"0","  Coopcorrientes14_factur,"
"0","  Coopentrerios14_factur,"
"0","  coopformosa14_factur,"
"0","  Cooplapampa14_factur,"
"0","  Coopmendoza14_factur,"
"0","  Coopmisiones14_factur,"
"0","  Coopneuquen14_factur,"
"0","  Cooprionegro14_factur,"
"0","  Coopsanjuan14_factur,"
"0","  Coopsantacruz14_factur,"
"0","  Coopsantafe14_factur,"
"0","  Coopsgodelestero14_factur,"
"0","  Cooptierradelfuego14_factur"
"0",")"
