"0","coop_electr_usu <- dplyr::bind_rows("
"0","  coopareaEDEA14_usu,"
"0","  coopareaEDENOR14_usu,"
"0","  CoopareaEDEN14_usu,"
"0","  CoopareaEDES14_usu,"
"0","  Coopchaco14_usu,"
"0","  CoopChubut14_usu,"
"0","  Coopcordoba14_usu,"
"0","  Coopcorrientes14_usu,"
"0","  Coopentrerios14_usu,"
"0","  coopformosa14_usu,"
"0","  Cooplapampa14_usu,"
"0","  Coopmendoza14_usu,"
"0","  Coopmisiones14_usu,"
"0","  Coopneuquen14_usu,"
"0","  Cooprionegro14_usu,"
"0","  Coopsanjuan14_usu,"
"0","  Coopsantacruz14_usu,"
"0","  Coopsantafe14_usu,"
"0","  Coopsgodelestero14_usu,"
"0","  Cooptierradelfuego14_usu"
"0",")"
