"0","coop_electr_factur <- coop_electr_factur %>%"
"0","  dplyr::filter("
"0","    coop_electr_factur$...1 != ""Total"","
"0","    coop_electr_factur$...1 != ""COOPERATIVAS"","
"0","    coop_electr_factur$...1 != ""cooperativas"","
"0","    coop_electr_factur$...1 != ""TOTAL"","
"0","    coop_electr_factur$...1 != ""valores"","
"0","    coop_electr_factur$...1 != ""cargado"","
"0","    coop_electr_factur$...1 != ""manteniendo"","
"0","    coop_electr_factur$...1 != ""Coop"","
"0","    coop_electr_factur$...1 != ""estimado"","
"0","    coop_electr_factur$...1 != ""compra"","
"0","    coop_electr_factur$...1 != ""apropiado"","
"0","    coop_electr_factur$...3 != 0"
"0","  )"
"0","coop_electr_factur <- coop_electr_factur[complete.cases(coop_electr_factur),]"
