"0","coopareaEDEA14_usu <- read_excel(""~/Documents/Estadística/1º cuatrimestre 2023/Trabajo de Articulación/Trabajo de Articulación/Datos/informecooperativas2014/coopareaEDEA14.xls"", sheet = ""edeausu"",skip = 7, col_names = FALSE)"
"2","New names:"
"0","CoopareaEDEN14_usu <- read_excel(""~/Documents/Estadística/1º cuatrimestre 2023/Trabajo de Articulación/Trabajo de Articulación/Datos/informecooperativas2014/CoopareaEDEN14.xls"", sheet = ""edenusu"",skip = 6, n_max = 193, col_names = FALSE)"
"2","New names:"
"0","coopareaEDENOR14_usu <- read_excel(""~/Documents/Estadística/1º cuatrimestre 2023/Trabajo de Articulación/Trabajo de Articulación/Datos/informecooperativas2014/coopareaEDENOR14.xls"", sheet = ""edenorusu"", skip = 6, col_names = FALSE)"
"2","New names:"
"0","CoopareaEDES14_usu <- read_excel(""~/Documents/Estadística/1º cuatrimestre 2023/Trabajo de Articulación/Trabajo de Articulación/Datos/informecooperativas2014/CoopareaEDES14.xls"", sheet = ""edesusu"", skip = 6, col_names = FALSE)"
"2","New names:"
"0","Coopchaco14_usu <- read_excel(""~/Documents/Estadística/1º cuatrimestre 2023/Trabajo de Articulación/Trabajo de Articulación/Datos/informecooperativas2014/Coopchaco14.xls"", sheet = ""chacousu"", skip = 6, col_names = FALSE)"
"2","New names:"
"0","CoopChubut14_usu <- read_excel(""~/Documents/Estadística/1º cuatrimestre 2023/Trabajo de Articulación/Trabajo de Articulación/Datos/informecooperativas2014/CoopChubut14.xls"", sheet = ""chubutusu"", skip = 6, col_names = FALSE)"
"2","New names:"
"0","Coopcordoba14_usu <- read_excel(""~/Documents/Estadística/1º cuatrimestre 2023/Trabajo de Articulación/Trabajo de Articulación/Datos/informecooperativas2014/Coopcordoba14.xls"", sheet = ""cordobausu"", skip = 6, col_names = FALSE)"
"2","New names:"
"0","Coopcorrientes14_usu <- read_excel(""~/Documents/Estadística/1º cuatrimestre 2023/Trabajo de Articulación/Trabajo de Articulación/Datos/informecooperativas2014/Coopcorrientes14.xls"", sheet = ""corrientesusu"", skip = 6, col_names = FALSE)"
"2","New names:"
"0","Coopentrerios14_usu <- read_excel(""~/Documents/Estadística/1º cuatrimestre 2023/Trabajo de Articulación/Trabajo de Articulación/Datos/informecooperativas2014/Coopentrerios14.xls"", sheet = ""entreriosusu"", skip = 6, col_names = FALSE)"
"2","New names:"
"0","coopformosa14_usu <- read_excel(""~/Documents/Estadística/1º cuatrimestre 2023/Trabajo de Articulación/Trabajo de Articulación/Datos/informecooperativas2014/coopformosa14.xls"", sheet = ""formosausu"", skip = 6, col_names = FALSE)"
"2","New names:"
"0","Cooplapampa14_usu <- read_excel(""~/Documents/Estadística/1º cuatrimestre 2023/Trabajo de Articulación/Trabajo de Articulación/Datos/informecooperativas2014/Cooplapampa14.xls"", sheet = ""lapampausu"", skip = 6, col_names = FALSE)"
"2","New names:"
"0","Coopmendoza14_usu <- read_excel(""~/Documents/Estadística/1º cuatrimestre 2023/Trabajo de Articulación/Trabajo de Articulación/Datos/informecooperativas2014/Coopmendoza14.xls"", sheet = ""mendozausu"", skip = 6, col_names = FALSE)"
"2","New names:"
"0","Coopmisiones14_usu <- read_excel(""~/Documents/Estadística/1º cuatrimestre 2023/Trabajo de Articulación/Trabajo de Articulación/Datos/informecooperativas2014/Coopmisiones14.xls"", sheet = ""misionesusu"", skip = 6, col_names = FALSE)"
"2","New names:"
"0","Coopneuquen14_usu <- read_excel(""~/Documents/Estadística/1º cuatrimestre 2023/Trabajo de Articulación/Trabajo de Articulación/Datos/informecooperativas2014/Coopneuquen14.xls"", sheet = ""neuquenusu"", skip = 6, col_names = FALSE)"
"2","New names:"
"0","Cooprionegro14_usu <- read_excel(""~/Documents/Estadística/1º cuatrimestre 2023/Trabajo de Articulación/Trabajo de Articulación/Datos/informecooperativas2014/Cooprionegro14.xls"", sheet = ""rionegrousu"", skip = 6, col_names = FALSE)"
"2","New names:"
"0","Coopsanjuan14_usu <- read_excel(""~/Documents/Estadística/1º cuatrimestre 2023/Trabajo de Articulación/Trabajo de Articulación/Datos/informecooperativas2014/Coopsanjuan14.xls"", sheet = ""sanjuanusu"", skip = 6, col_names = FALSE)"
"2","New names:"
"0","Coopsantacruz14_usu <- read_excel(""~/Documents/Estadística/1º cuatrimestre 2023/Trabajo de Articulación/Trabajo de Articulación/Datos/informecooperativas2014/Coopsantacruz14.xls"", sheet = ""santacruzusu"", skip = 6, col_names = FALSE)"
"2","New names:"
"0","Coopsantafe14_usu <- read_excel(""~/Documents/Estadística/1º cuatrimestre 2023/Trabajo de Articulación/Trabajo de Articulación/Datos/informecooperativas2014/Coopsantafe14.xls"", sheet = ""santafeusu"", skip = 6, col_names = FALSE)"
"2","New names:"
"0","Coopsgodelestero14_usu <- read_excel(""~/Documents/Estadística/1º cuatrimestre 2023/Trabajo de Articulación/Trabajo de Articulación/Datos/informecooperativas2014/Coopsgodelestero14.xls"", sheet = ""sgodelesterousu"", skip = 6, col_names = FALSE)"
"2","New names:"
"0","Cooptierradelfuego14_usu <- read_excel(""~/Documents/Estadística/1º cuatrimestre 2023/Trabajo de Articulación/Trabajo de Articulación/Datos/informecooperativas2014/Cooptierradelfuego14.xls"", sheet = ""tdelfuegousu"", skip = 6, col_names = FALSE)"
"2","New names:"
