"0","coopareaEDEA14_factur <- read_excel(""~/Documents/Estadística/1º cuatrimestre 2023/Trabajo de Articulación/Trabajo de Articulación/Datos/informecooperativas2014/coopareaEDEA14.xls"", sheet = ""edeafactur"",skip = 7, col_names = FALSE)"
"2","New names:"
"0","CoopareaEDEN14_factur <- read_excel(""~/Documents/Estadística/1º cuatrimestre 2023/Trabajo de Articulación/Trabajo de Articulación/Datos/informecooperativas2014/CoopareaEDEN14.xls"", sheet = ""edenfactur"",skip = 6, n_max = 193, col_names = FALSE)"
"2","New names:"
"0","coopareaEDENOR14_factur <- read_excel(""~/Documents/Estadística/1º cuatrimestre 2023/Trabajo de Articulación/Trabajo de Articulación/Datos/informecooperativas2014/coopareaEDENOR14.xls"", sheet = ""edenorfactur"", skip = 6, col_names = FALSE)"
"2","New names:"
"0","CoopareaEDES14_factur <- read_excel(""~/Documents/Estadística/1º cuatrimestre 2023/Trabajo de Articulación/Trabajo de Articulación/Datos/informecooperativas2014/CoopareaEDES14.xls"", sheet = ""edesfactur"", skip = 6, col_names = FALSE)"
"2","New names:"
"0","Coopchaco14_factur <- read_excel(""~/Documents/Estadística/1º cuatrimestre 2023/Trabajo de Articulación/Trabajo de Articulación/Datos/informecooperativas2014/Coopchaco14.xls"", sheet = ""chacofactur"", skip = 6, col_names = FALSE)"
"2","New names:"
"0","CoopChubut14_factur <- read_excel(""~/Documents/Estadística/1º cuatrimestre 2023/Trabajo de Articulación/Trabajo de Articulación/Datos/informecooperativas2014/CoopChubut14.xls"", sheet = ""chubutfactur"", skip = 6, col_names = FALSE)"
"2","New names:"
"0","Coopcordoba14_factur <- read_excel(""~/Documents/Estadística/1º cuatrimestre 2023/Trabajo de Articulación/Trabajo de Articulación/Datos/informecooperativas2014/Coopcordoba14.xls"", sheet = ""cordobafactur"", skip = 6, col_names = FALSE)"
"2","New names:"
"0","Coopcorrientes14_factur <- read_excel(""~/Documents/Estadística/1º cuatrimestre 2023/Trabajo de Articulación/Trabajo de Articulación/Datos/informecooperativas2014/Coopcorrientes14.xls"", sheet = ""corrientesfactur"", skip = 6, col_names = FALSE)"
"2","New names:"
"0","Coopentrerios14_factur <- read_excel(""~/Documents/Estadística/1º cuatrimestre 2023/Trabajo de Articulación/Trabajo de Articulación/Datos/informecooperativas2014/Coopentrerios14.xls"", sheet = ""entreriosfactur"", skip = 6, col_names = FALSE)"
"2","New names:"
"0","coopformosa14_factur <- read_excel(""~/Documents/Estadística/1º cuatrimestre 2023/Trabajo de Articulación/Trabajo de Articulación/Datos/informecooperativas2014/coopformosa14.xls"", sheet = ""formosafactur"", skip = 6, col_names = FALSE)"
"2","New names:"
"0","Cooplapampa14_factur <- read_excel(""~/Documents/Estadística/1º cuatrimestre 2023/Trabajo de Articulación/Trabajo de Articulación/Datos/informecooperativas2014/Cooplapampa14.xls"", sheet = ""lapampafactur"", skip = 6, col_names = FALSE)"
"2","New names:"
"0","Coopmendoza14_factur <- read_excel(""~/Documents/Estadística/1º cuatrimestre 2023/Trabajo de Articulación/Trabajo de Articulación/Datos/informecooperativas2014/Coopmendoza14.xls"", sheet = ""mendozafactur"", skip = 6, col_names = FALSE)"
"2","New names:"
"0","Coopmisiones14_factur <- read_excel(""~/Documents/Estadística/1º cuatrimestre 2023/Trabajo de Articulación/Trabajo de Articulación/Datos/informecooperativas2014/Coopmisiones14.xls"", sheet = ""misionesfactur"", skip = 6, col_names = FALSE)"
"2","New names:"
"0","Coopneuquen14_factur <- read_excel(""~/Documents/Estadística/1º cuatrimestre 2023/Trabajo de Articulación/Trabajo de Articulación/Datos/informecooperativas2014/Coopneuquen14.xls"", sheet = ""neuquenfactur"", skip = 6, col_names = FALSE)"
"2","New names:"
"0","Cooprionegro14_factur <- read_excel(""~/Documents/Estadística/1º cuatrimestre 2023/Trabajo de Articulación/Trabajo de Articulación/Datos/informecooperativas2014/Cooprionegro14.xls"", sheet = ""rionegrofactur"", skip = 6, col_names = FALSE)"
"2","New names:"
"0","Coopsanjuan14_factur <- read_excel(""~/Documents/Estadística/1º cuatrimestre 2023/Trabajo de Articulación/Trabajo de Articulación/Datos/informecooperativas2014/Coopsanjuan14.xls"", sheet = ""sanjuanfactur"", skip = 6, col_names = FALSE)"
"2","New names:"
"0","Coopsantacruz14_factur <- read_excel(""~/Documents/Estadística/1º cuatrimestre 2023/Trabajo de Articulación/Trabajo de Articulación/Datos/informecooperativas2014/Coopsantacruz14.xls"", sheet = ""santacruzfactur"", skip = 6, col_names = FALSE)"
"2","New names:"
"0","Coopsantafe14_factur <- read_excel(""~/Documents/Estadística/1º cuatrimestre 2023/Trabajo de Articulación/Trabajo de Articulación/Datos/informecooperativas2014/Coopsantafe14.xls"", sheet = ""santafefactur"", skip = 6, col_names = FALSE)"
"2","New names:"
"0","Coopsgodelestero14_factur <- read_excel(""~/Documents/Estadística/1º cuatrimestre 2023/Trabajo de Articulación/Trabajo de Articulación/Datos/informecooperativas2014/Coopsgodelestero14.xls"", sheet = ""sgodelesterofactur"", skip = 6, col_names = FALSE)"
"2","New names:"
"0","Cooptierradelfuego14_factur <- read_excel(""~/Documents/Estadística/1º cuatrimestre 2023/Trabajo de Articulación/Trabajo de Articulación/Datos/informecooperativas2014/Cooptierradelfuego14.xls"", sheet = ""tdelfuegofactur"", skip = 6, col_names = FALSE)"
"2","New names:"
