{"chunk_definitions":[{"row":13,"row_count":1,"visible":true,"expansion_state":0,"options":{"engine":"r","label":"Librerías o Paquetes"},"document_id":"6BF07E6D","chunk_id":"cssn9qvb2yeq6","chunk_label":"Librerías o Paquetes"},{"row":18,"row_count":1,"visible":true,"expansion_state":0,"options":{"engine":"r","label":"Carga de bases limpias"},"document_id":"6BF07E6D","chunk_id":"cqrv7ntex04du","chunk_label":"Carga de bases limpias"},{"row":26,"row_count":1,"visible":true,"expansion_state":0,"options":{"engine":"r","label":"Tabla medidas Resumen Facturaciones"},"document_id":"6BF07E6D","chunk_id":"crwsru4ztt1j5","chunk_label":"Tabla medidas Resumen Facturaciones"},{"row":32,"row_count":1,"visible":true,"expansion_state":0,"options":{"engine":"r","label":"Medidas Resumen Facturaciones"},"document_id":"6BF07E6D","chunk_id":"ceeeql4t0odle","chunk_label":"Medidas Resumen Facturaciones"}],"doc_write_time":1682804708}