{"chunk_definitions":[{"row":12,"row_count":1,"visible":true,"expansion_state":0,"options":{"engine":"r","label":"Carga de paquetes"},"document_id":"62B03484","chunk_id":"chc7tn1529bbh","chunk_label":"Carga de paquetes"},{"row":36,"row_count":1,"visible":true,"expansion_state":0,"options":{"engine":"r","label":"Carga de bases de datos de facturación"},"document_id":"62B03484","chunk_id":"cn16sbdmx394e","chunk_label":"Carga de bases de datos de facturación"},{"row":60,"row_count":1,"visible":true,"expansion_state":0,"options":{"engine":"r","label":"Carga de bases de datos de los usuarios"},"document_id":"62B03484","chunk_id":"clwb7xcqsd7cp","chunk_label":"Carga de bases de datos de los usuarios"},{"row":65,"row_count":1,"visible":true,"expansion_state":0,"options":{"engine":"r","label":"Lista para eventuales iteraciones"},"document_id":"62B03484","chunk_id":"cgogk4hxxglin","chunk_label":"Lista para eventuales iteraciones"},{"row":70,"row_count":1,"visible":true,"expansion_state":0,"options":{"engine":"r","label":"Eliminación de la 14ª columna"},"document_id":"62B03484","chunk_id":"cems35e58qh65","chunk_label":"Eliminación de la 14ª columna"},{"row":96,"row_count":1,"visible":true,"expansion_state":0,"options":{"engine":"r","label":"Combinación de tablas de facturación"},"document_id":"62B03484","chunk_id":"cusoly474sggs","chunk_label":"Combinación de tablas de facturación"},{"row":116,"row_count":1,"visible":true,"expansion_state":0,"options":{"engine":"r","label":"Limpieza de la planilla de facturación"},"document_id":"62B03484","chunk_id":"cqr0h4i2anr7h","chunk_label":"Limpieza de la planilla de facturación"},{"row":125,"row_count":1,"visible":true,"expansion_state":0,"options":{"engine":"r","label":"Ordenamiento del listado de facturaciones según 1º Depto 2º Ente"},"document_id":"62B03484","chunk_id":"ck4umt95j5jha","chunk_label":"Ordenamiento del listado de facturaciones según 1º Depto 2º Ente"},{"row":130,"row_count":1,"visible":true,"expansion_state":0,"options":{"engine":"r","label":"Grabación de la limpieza"},"document_id":"62B03484","chunk_id":"cokx6kut6rfx0","chunk_label":"Grabación de la limpieza"},{"row":156,"row_count":1,"visible":true,"expansion_state":0,"options":{"engine":"r","label":"Combinación libros usuarios"},"document_id":"62B03484","chunk_id":"c75pd1a8sh4o8","chunk_label":"Combinación libros usuarios"},{"row":172,"row_count":1,"visible":true,"expansion_state":0,"options":{"engine":"r","label":"Limpieza tabla unificada de usuarios"},"document_id":"62B03484","chunk_id":"ckiuh2rc2xdxk","chunk_label":"Limpieza tabla unificada de usuarios"},{"row":177,"row_count":1,"visible":true,"expansion_state":0,"options":{"engine":"r","label":"Grabación tabla usuarios"},"document_id":"62B03484","chunk_id":"ckmao0awvtzd9","chunk_label":"Grabación tabla usuarios"},{"row":185,"row_count":1,"visible":true,"expansion_state":0,"options":{"engine":"r","label":"Carga de bases de datos limpiadas en OpenRefine"},"document_id":"62B03484","chunk_id":"cfggnx7wnxdk6","chunk_label":"Carga de bases de datos limpiadas en OpenRefine"},{"row":191,"row_count":1,"visible":true,"expansion_state":0,"options":{"engine":"r","label":"Borrado columna extra creada, quizás, en el OpenRefine"},"document_id":"62B03484","chunk_id":"c71uksccyhwg1","chunk_label":"Borrado columna extra creada"},{"row":197,"row_count":1,"visible":true,"expansion_state":0,"options":{"engine":"r","label":"Nombres variables columna"},"document_id":"62B03484","chunk_id":"c0rqeggczgpu8","chunk_label":"Nombres variables columna"},{"row":203,"row_count":1,"visible":true,"expansion_state":0,"options":{"engine":"r","label":"Ordenamiento datos bases según 1º Depto 2º Ente"},"document_id":"62B03484","chunk_id":"c4l79knmxle7f","chunk_label":"Ordenamiento datos bases según 1º Depto 2º Ente"},{"row":234,"row_count":1,"visible":true,"expansion_state":0,"options":{"engine":"r","label":"Búsqueda valores perdidos","include":false},"document_id":"62B03484","chunk_id":"c93gvvbbv5zu6","chunk_label":"Búsqueda valores perdidos"},{"row":240,"row_count":1,"visible":true,"expansion_state":0,"options":{"engine":"r","label":"Grabación bases limpias"},"document_id":"62B03484","chunk_id":"ctanliw8gj9ym","chunk_label":"Grabación bases limpias"}],"doc_write_time":1682976247}